name	email	country	salary	experience
Zachary Hubbard	fringilla.euismod.enim@hymenaeosMaurisut.edu	Vanuatu	$115611	4
Kirby Garcia	Nullam@metusAenean.net	Myanmar	$115031	1
Maxine Gallagher	luctus.felis@nonlorem.ca	Moldova	$74546	8
Kyla Brooks	Cum.sociis@dui.co.uk	Saint Pierre and Miquelon	$25065	36
Kai Morrison	ultricies.sem@felis.net	Indonesia	$35223	28
Imelda Hoffman	metus@congue.net	Cape Verde	$53859	30
Libby Pitts	imperdiet.ullamcorper.Duis@faucibusorci.ca	French Polynesia	$37908	22
Ivory Turner	nibh.Quisque@facilisismagna.edu	Sri Lanka	$146698	47
Andrew Jacobs	tristique.ac@Integertincidunt.org	San Marino	$116882	24
Dale Pope	nec.mollis@euismodurna.org	Romania	$121223	43
Solomon Carroll	lorem@eratnequenon.net	Norway	$62341	13
Barrett Thomas	feugiat.metus.sit@condimentum.org	Andorra	$109358	32
Kalia Walters	Integer@lacinia.org	Iran	$138744	17
Sandra Todd	Sed@mi.edu	Uganda	$127399	23
Kenyon Romero	mauris@pede.edu	Zambia	$133108	15
Howard Delacruz	Aenean.eget@dignissim.net	France	$139233	41
Declan Cash	bibendum.fermentum.metus@elementumpurus.edu	Seychelles	$98363	33
Eugenia Maxwell	Aliquam.adipiscing@Aliquamadipiscinglobortis.ca	Liberia	$94773	24
Ross Stevens	dolor.Nulla@purussapiengravida.net	Bolivia	$70423	46
Castor Valenzuela	sit.amet@imperdietdictum.edu	France	$70460	28
Destiny Goodwin	Suspendisse.tristique@sollicitudina.org	Czech Republic	$109159	25
Sigourney Sampson	dictum@sapienNunc.net	Kyrgyzstan	$60435	28
Shannon Summers	sem@nunc.org	Turkey	$40938	18
Holmes Booker	mi@noncursusnon.org	Tokelau	$66530	19
Amber Davis	sagittis@cursusvestibulum.co.uk	Mongolia	$130303	37
Shannon Strong	primis.in.faucibus@nulla.edu	New Zealand	$33011	38
Rhea Myers	ac.mi.eleifend@utmi.co.uk	Congo (Brazzaville)	$133551	11
Salvador Shelton	sed.dolor@ultrices.net	United Kingdom (Great Britain)	$128139	5
Frances Bullock	scelerisque@semutcursus.co.uk	Venezuela	$57860	31
Shelby Serrano	nunc.risus@sitamet.co.uk	Morocco	$44113	30
Signe Cole	elit.pretium.et@tellusAeneanegestas.edu	Brunei	$44749	2
Laith Decker	ullamcorper@egestasa.org	France	$127663	19
Maggy Gay	et@tincidunt.ca	Iran	$36303	38
Zahir Armstrong	auctor.vitae.aliquet@auctornuncnulla.edu	Guinea	$138453	18
Sonia Fulton	lacus@nasceturridiculus.com	Guadeloupe	$97633	12
Lana Alexander	Nunc@bibendum.co.uk	Sri Lanka	$113997	4
Raymond Vazquez	bibendum@magnaUttincidunt.edu	Austria	$67035	7
Reese Gamble	ligula.tortor@elit.net	Serbia	$137601	46
Thane Aguilar	condimentum@magna.ca	Saint Lucia	$106843	44
Ginger Bright	iaculis.aliquet.diam@Praesent.edu	Holy See (Vatican City State)	$135861	39
Aidan Mack	eu.turpis.Nulla@varius.net	Oman	$58654	16
Barrett Mcbride	mi@accumsanlaoreet.ca	Haiti	$97773	9
Jillian Banks	elementum.dui@placeratCrasdictum.org	Barbados	$127237	28
Eve Conner	aliquet.magna@risusNullaeget.org	Brazil	$148559	23
Ingrid Hampton	malesuada.id@sed.org	Taiwan	$51463	37
Desirae Lloyd	Nulla@Vestibulumaccumsan.co.uk	Sudan	$57340	36
Keane Roach	orci.Ut.sagittis@velit.net	Grenada	$57118	16
Zena Hoover	neque@rhoncusProin.edu	Swaziland	$51557	20
Francis Greer	in.tempus@sedpedeCum.org	Solomon Islands	$55918	10
Herman Marquez	rhoncus@consectetuerrhoncusNullam.org	Germany	$116223	1
Talon Wheeler	consequat.dolor.vitae@dapibusquam.edu	Netherlands	$37823	25
Curran Wall	cursus.a@interdumligula.org	French Southern Territories	$109983	38
Ivor Duran	penatibus.et.magnis@tempusnon.com	Iraq	$92500	9
Hilel Pitts	diam.Duis.mi@lectussit.net	Haiti	$25710	2
Brian Fernandez	eu.lacus@lobortismauris.net	Mauritania	$28031	13
Adrienne Patrick	ridiculus.mus.Proin@orciadipiscing.org	Dominica	$59786	23
Kiona Hardin	gravida.molestie@scelerisqueduiSuspendisse.net	Swaziland	$33557	10
Sydnee Morin	lorem@cubiliaCuraePhasellus.ca	Estonia	$148407	44
Mannix Ayala	Fusce.fermentum.fermentum@ultricesiaculisodio.com	Bosnia and Herzegovina	$139802	31
Dara Manning	faucibus@varius.ca	Uganda	$81964	23
Rudyard Molina	hendrerit.neque.In@ligulaeu.org	Sri Lanka	$36317	26
Forrest Acevedo	lectus.ante@nuncsedlibero.ca	Mexico	$139260	46
Courtney Cleveland	Suspendisse@nibhPhasellus.co.uk	Mauritius	$145581	16
Alisa Preston	commodo.tincidunt.nibh@aliquetPhasellus.org	American Samoa	$93853	33
Hammett Hubbard	mus@nec.com	San Marino	$132992	47
Joel Ray	aliquet.Proin.velit@penatibus.org	Saint Helena, Ascension and Tristan da Cunha	$37227	14
Liberty Church	tempor@non.org	Botswana	$31233	22
Ethan Durham	eleifend.nunc@adipiscingMauris.com	Kenya	$114827	5
Ivor Hardy	Ut.nec@necdiam.edu	Korea, North	$76628	0
Cairo Trujillo	magna@etpede.com	Turkey	$117036	25
Hammett Good	non.sapien@dapibus.edu	Montenegro	$89561	25
Nero Powers	vulputate.lacus@tinciduntvehicula.net	Saint Barth√©lemy	$75434	38
Clio Wilder	ultrices.mauris@temporest.ca	Tokelau	$147623	27
Berk Britt	nec@turpisnonenim.org	Ethiopia	$44631	22
Dylan Mcclure	consectetuer.cursus.et@Namconsequat.org	Saudi Arabia	$131033	44
David Ward	rhoncus@semper.co.uk	Botswana	$106028	46
Dillon Ochoa	malesuada.malesuada@diam.net	Svalbard and Jan Mayen Islands	$107721	2
Stella Moore	dui.Fusce.diam@ornareplacerat.org	India	$101686	28
Zena Rowland	et.nunc.Quisque@pede.com	Antigua and Barbuda	$30529	11
Boris Burns	Nunc@Donecnibh.net	Tonga	$29794	38
Anne Mcdowell	gravida.molestie@apurusDuis.ca	French Southern Territories	$121218	33
Anne Steele	diam.luctus@aenimSuspendisse.org	Sierra Leone	$44521	2
Dahlia Weber	penatibus.et.magnis@aliquamadipiscinglacus.org	Nauru	$56999	32
Basil Browning	elementum@nulla.ca	Morocco	$85429	14
Francesca Serrano	ante@portaelit.com	Iraq	$137958	8
Barbara Morin	semper.erat@aliquetdiamSed.org	Poland	$61773	24
Brittany Duffy	et.tristique@magna.ca	Micronesia	$45151	30
Kasper Kirkland	erat@enimdiam.net	Netherlands	$27411	1
Neil Owens	Mauris@molestiein.edu	Ghana	$51883	14
Destiny Chase	bibendum.Donec@duilectusrutrum.net	Congo, the Democratic Republic of the	$29440	41
Charde Clay	nascetur@semconsequatnec.net	Rwanda	$74153	10
Abel Norton	tempus@ipsumporta.com	Timor-Leste	$124866	39
Jarrod Edwards	nec.luctus.felis@euenim.edu	Portugal	$68794	38
Gary Murray	a.ultricies@cursusluctus.ca	Portugal	$105108	5
Laurel Caldwell	Donec.sollicitudin.adipiscing@arcu.co.uk	Georgia	$39093	20
Aurelia Howe	eget.metus@malesuada.org	Botswana	$123782	31
Candace Hubbard	non@orcilobortisaugue.co.uk	Iran	$90281	37
MacKenzie Shannon	metus@cursuset.edu	Cambodia	$99753	29
Caesar Keller	vulputate.eu@utdolor.com	New Caledonia	$86741	44
Aquila Bennett	sodales.elit.erat@mifelisadipiscing.com	French Guiana	$115540	48