name,email,country,salary,experience
Susan Hodge,ac.ipsum.Phasellus@arcuMorbisit.com,Egypt,$53947,28
Sydney Castro,lacinia.vitae@Loremipsumdolor.edu,Benin,$52714,49
Jonah Jimenez,felis.ullamcorper@necmollisvitae.org,Austria,$72236,48
Reagan Whitley,Duis@Donecvitae.ca,Paraguay,$70926,20
Kalia Mcgowan,nibh@vulputateveliteu.co.uk,Mauritius,$91646,30
Aurelia Velasquez,posuere.at@loremvitae.org,Malaysia,$89352,37
Hadassah Shields,malesuada.malesuada.Integer@magnis.ca,Anguilla,$52305,44
Octavius Pollard,massa.non@necquamCurabitur.ca,Fiji,$42627,4
Basil Berger,arcu.imperdiet@auctorvitae.org,Russian Federation,$81916,7
Katell Banks,enim.gravida@interdum.edu,Belgium,$90441,5
Scarlet Roth,eget.dictum.placerat@amet.org,Antigua and Barbuda,$37361,44
Lani Richard,elit.dictum@feugiat.edu,Vanuatu,$93329,47
Merritt Higgins,luctus.aliquet@Fuscefermentumfermentum.org,Slovakia,$60457,14
Shellie Young,vulputate.lacus.Cras@vitaeodio.org,Mongolia,$82690,17
Maggie Hoffman,sollicitudin.orci@morbitristiquesenectus.edu,Guernsey,$137051,28
Simon Holland,id.magna.et@vulputateduinec.org,Brunei,$130302,32
Rhea Travis,auctor.velit@ategestasa.edu,Singapore,$75947,22
Latifah Hopkins,Donec.non@fermentumarcu.org,Sri Lanka,$82608,0
Leo Ratliff,vitae.aliquam.eros@bibendumfermentum.net,Liberia,$72642,10
Cleo Bernard,primis.in@posuerecubiliaCurae.com,Australia,$97462,15
Farrah Fulton,Nulla@ridiculusmusAenean.org,Lebanon,$117654,23
Zena Whitney,a.auctor@blanditenimconsequat.org,Congo (Brazzaville),$142949,27
Samuel Sexton,luctus.lobortis@Vestibulumaccumsanneque.com,Saint Pierre and Miquelon,$88441,44
Hillary Harding,dapibus.ligula@a.net,Cameroon,$95910,42
Olivia Graves,Nunc@Curabiturdictum.ca,Tokelau,$109801,49
Seth Randall,Mauris@FuscefeugiatLorem.net,Luxembourg,$96420,1
Selma Pratt,orci.luctus@Duis.ca,Australia,$63697,39
Leilani Stanley,ac.risus@loremtristique.net,Saint Barthélemy,$50653,10
Lisandra Griffin,fermentum@sed.com,Guyana,$148396,23
Tanisha Stephenson,pulvinar@viverra.net,Azerbaijan,$72793,25
Donna Rowland,nisl.sem.consequat@hendrerita.co.uk,Chad,$42649,19
Naida Merrill,dictum.eu@lobortis.co.uk,Bangladesh,$86409,39
Arthur May,sit.amet@Aeneansed.net,Guernsey,$112546,6
Davis Compton,Nulla@maurisMorbi.ca,Malta,$124583,26
Shana Preston,turpis.egestas.Aliquam@auctornuncnulla.ca,Ecuador,$100923,2
Philip Watkins,mauris.id@fermentum.ca,Montenegro,$139319,23
Ali Keller,feugiat.nec@Aeneanegestashendrerit.com,Namibia,$100614,3
Rigel Townsend,nisl.Nulla.eu@Nullamenim.edu,Monaco,$86023,7
Armando Davenport,mauris.eu@nibh.org,Sint Maarten,$115079,11
Neve Briggs,adipiscing.enim@sitametdapibus.net,Turkey,$143124,47
Jeanette Hahn,Aliquam.ornare@lobortisClass.org,Georgia,$40314,43
Mufutau Nash,mattis@ligulaelitpretium.org,Malta,$76044,45
Juliet Rios,posuere@turpisnec.edu,Uzbekistan,$27766,30
Kerry Nguyen,eu.elit@molestie.com,Armenia,$65177,30
Gary Ashley,ut.pellentesque@maurisut.edu,Nepal,$131990,32
Zahir Holt,eu.ultrices@Suspendissetristiqueneque.edu,Thailand,$119525,30
Gannon Blevins,Pellentesque.ut.ipsum@tinciduntnibhPhasellus.org,Western Sahara,$111494,6
Hadassah Hughes,nec.tempus@interdum.org,Ireland,$61253,46
Carly Carver,magna@a.ca,Yemen,$33827,22
Hyacinth Ross,at.sem.molestie@feugiatSed.com,Chad,$120046,34
Kibo Hobbs,montes.nascetur@consectetueradipiscingelit.edu,Saint Kitts and Nevis,$63004,41
Bernard Fitzgerald,tristique.senectus.et@nonsollicitudina.co.uk,Indonesia,$93944,12
Blaze Durham,Nam@magnaSuspendissetristique.edu,Canada,$26063,15
Odette Wilkerson,non@Vestibulumante.net,Argentina,$91217,18
Garrett Goff,augue@ultricesposuere.edu,Macedonia,$33796,46
Kellie Guy,quis.pede@nonlacinia.com,Sudan,$77925,38
Kendall Witt,penatibus@anteNunc.ca,Chile,$106528,6
Lucius Durham,ultrices@etrutrum.edu,Guinea-Bissau,$78800,48
Carl Mccormick,velit.Sed@Namporttitor.ca,Ecuador,$118666,8
Eliana Hunt,Nulla@velitegetlaoreet.edu,Algeria,$68941,21
Ryder Kerr,Pellentesque@Donecelementumlorem.edu,Jordan,$33641,39
Honorato Washington,pellentesque.a.facilisis@Donectempus.net,Cook Islands,$69735,27
Bethany Higgins,Suspendisse.tristique@aliquetdiamSed.net,United Arab Emirates,$82066,16
Shaine Shannon,leo.Vivamus@et.com,Martinique,$119711,4
Olivia Moss,nec.cursus@eu.co.uk,Bolivia,$134978,28
Abigail Oneal,ullamcorper@Donec.ca,Kenya,$118306,8
Alice Scott,tortor.dictum.eu@Sednulla.ca,Libya,$67494,48
Amy Harding,Curae.Donec@nonbibendumsed.co.uk,Mongolia,$30134,29
Kirestin Melton,cursus.et@quis.com,Zimbabwe,$146040,18
Axel Wynn,Cras.sed.leo@ornareplacerat.net,Greece,$94029,13
Melvin Cooper,mollis.Duis.sit@rutrum.com,Brunei,$52059,31
Alden Bowman,scelerisque.dui.Suspendisse@Namporttitor.net,Guernsey,$107031,34
Melinda Leblanc,odio.auctor@atauctorullamcorper.co.uk,Holy See (Vatican City State),$105977,34
Delilah Bernard,natoque@tinciduntadipiscingMauris.ca,Antarctica,$83444,30
Hedy Rutledge,feugiat.placerat.velit@magnis.edu,Venezuela,$37045,39
Jermaine Cherry,at.libero@nuncIn.co.uk,Mauritius,$39610,29
Reece Albert,nulla.ante.iaculis@a.co.uk,Ecuador,$98806,34
Arthur Faulkner,tempus@elitpharetraut.ca,Côte D'Ivoire (Ivory Coast),$41449,21
Gage Frost,in@massaMauris.com,Viet Nam,$60416,23
Lynn Sargent,tristique.pharetra@felisadipiscing.org,India,$111239,42
Maris Sosa,posuere.vulputate@mauris.co.uk,French Southern Territories,$34678,14
Minerva Hardin,turpis@vestibulumneceuismod.co.uk,Saint Kitts and Nevis,$42422,3
Melissa Hale,velit.Cras@libero.co.uk,Gabon,$143385,12
Randall Leblanc,at.velit@velitegetlaoreet.co.uk,Norway,$31302,32
Caleb Chang,ut.nisi.a@orci.co.uk,Anguilla,$77392,50
Stuart Parker,arcu.Vivamus.sit@venenatis.ca,Portugal,$70629,46
August Nash,nascetur.ridiculus@luctus.ca,Tunisia,$116614,12
Xena Garza,fames.ac.turpis@euelitNulla.ca,Albania,$142453,16
Ryder Preston,Praesent.luctus.Curabitur@Nuncsedorci.org,Gibraltar,$40127,39
Lesley English,gravida@estcongue.org,Honduras,$140772,4
Amber Marshall,tristique.senectus.et@neque.org,Cambodia,$37362,47
Donna Cantrell,pellentesque@risus.ca,Solomon Islands,$91482,22
Owen Montoya,nulla@antedictumcursus.ca,Honduras,$31810,22
Caleb Mack,lectus.quis.massa@vehiculaaliquetlibero.edu,New Zealand,$57547,12
Cooper Woodward,Donec@Vivamusrhoncus.ca,Oman,$132074,14
Evelyn Donovan,mauris.rhoncus@etpede.org,Slovakia,$114493,5
Patience Trevino,nec.euismod@famesacturpis.edu,Papua New Guinea,$104944,47
Zia Orr,aliquet.molestie.tellus@arcuVestibulumante.edu,Brunei,$119231,14
Montana Medina,urna.Ut@maurissagittisplacerat.org,Ethiopia,$48592,49
Nevada Dickerson,euismod@dolor.org,Kenya,$82173,45